date,stars,forks,npm_day,npm_week,views_14d,uniques_14d,top_referrers_uniques,x_followers,notes
2026-07-04,153,31,19,162,374,197,"",99,
2026-07-05,158,31,105,1148,429,225,"",99,
2026-07-06,158,32,19,1156,465,244,"t.co:60;github.com:43;Google:33;v2ex.com:24;chatgpt.com:5;raysonmeng.github.io:3",99,
2026-07-07,181,34,19,1156,,,"",99,
2026-07-08,222,37,19,1156,,,"",99,
2026-07-09,225,37,19,1156,,,"",100,
2026-07-10,232,37,42,1236,,,"",99,
2026-07-11,232,39,42,1236,,,"",101,
2026-07-12,233,40,36,286,,,"",102,
2026-07-13,234,39,12,193,,,"",102,
2026-07-14,234,40,12,193,,,"",102,
2026-07-15,236,40,6,118,,,"",101,
2026-07-16,236,41,12,108,,,"",101,
2026-07-17,236,41,8,74,,,"",101,
2026-07-18,241,42,5,79,,,"",102,
2026-07-19,244,42,9,52,,,"",101,
2026-07-20,245,42,4,44,,,"",101,
2026-07-21,247,42,5,49,,,"",101,
2026-07-22,247,43,3,46,,,"",100,
2026-07-23,248,43,9,43,,,"",100,
